,NLL VAE,NLL IWAE (k= 50)
Dim. Z = 2,153.7278475753784,150.64077300071716
Dim. Z = 20,118.67529488487244,117.29090326194763
