,NLL VAE,NLL IWAE (k= 50)
Dim. Z = 2,150.80249528007508,148.57524759559632
Dim. Z = 20,111.35732424316406,111.8043869857788
